Null_both,Expressed_only,PC_only,Expressed_PC,feature,OR,pval,pval_bonf
28088,9999,5297,14653,gene,7.77071220431464,0,0
81822,27355,93218,369228,exon,11.8475409573961,0,0
36366,16446,258420,236243,jxn,2.02147360658085,0,0
32034,20604,73327,72128,tx,1.52932434782707,0,0
